"","t_stat_NTC","t_stat_SCZ","p_value_NTC","p_value_SCZ","fdr_NTC","fdr_SCZ","logFC_NTC","logFC_SCZ","ensembl","gene"
"A2M",2.25846459949091,-2.25846459949091,0.0376214802695527,0.0376214802695527,0.433716181609218,0.433716181609216,0.489547599864644,-0.489547599864645,"ENSG00000175899","A2M"
"ABCA2",-0.343614416295586,0.343614416295586,0.73542932542898,0.73542932542898,0.953081554552493,0.953081554552494,-0.0264949805103264,0.0264949805103265,"ENSG00000107331","ABCA2"
"ABCG2",4.26836051323797,-4.26836051323797,0.000539733720032838,0.000539733720032839,0.0809600580049257,0.0809600580049259,0.595187288434401,-0.595187288434401,"ENSG00000118777","ABCG2"
"ACO1",0.274000834823903,-0.274000834823904,0.787448120642651,0.78744812064265,0.953081554552493,0.953081554552494,0.027741108894473,-0.0277411088944731,"ENSG00000122729","ACO1"
"ACTA2",0.342228331453017,-0.342228331453017,0.73645321561612,0.73645321561612,0.953081554552493,0.953081554552494,0.040661078803339,-0.040661078803339,"ENSG00000107796","ACTA2"
"ACY3",1.99220327919395,-1.99220327919395,0.0629776481706414,0.0629776481706414,0.487501593608454,0.487501593608454,0.97512858509664,-0.97512858509664,"ENSG00000132744","ACY3"
"ADAM28",0.859225757665029,-0.859225757665028,0.402395606966093,0.402395606966093,0.79420185585413,0.794201855854131,0.192045039504582,-0.192045039504582,"ENSG00000042980","ADAM28"
"ADCYAP1",0.234982889826667,-0.234982889826666,0.817082402927647,0.817082402927648,0.953081554552493,0.953081554552494,0.0445617959958299,-0.0445617959958297,"ENSG00000141433","ADCYAP1"
"ADCYAP1R1",-0.174086592046229,0.174086592046228,0.863892720789567,0.863892720789568,0.953081554552493,0.953081554552494,-0.0182646636933521,0.018264663693352,"ENSG00000078549","ADCYAP1R1"
"ADIRF",-1.01787152784687,1.01787152784687,0.323276246654471,0.323276246654471,0.709975701814634,0.709975701814635,-0.160277667775062,0.160277667775062,"ENSG00000148671","ADIRF"
"AIF1",-0.183473741904343,0.183473741904342,0.856638053809357,0.856638053809357,0.953081554552493,0.953081554552494,-0.0276724907705074,0.0276724907705074,"ENSG00000204472","AIF1"
"AJ009632.2",-0.811335131174474,0.811335131174474,0.428599111526738,0.428599111526738,0.808521698826328,0.808521698826328,-0.220190599669743,0.220190599669744,"ENSG00000229425","AJ009632.2"
"AK5",1.09169658078596,-1.09169658078596,0.290484489461471,0.290484489461471,0.686183833373554,0.686183833373554,0.138306725454504,-0.138306725454504,"ENSG00000154027","AK5"
"AKAP8L",1.12198506533027,-1.12198506533027,0.277760665697096,0.277760665697096,0.67200161055749,0.67200161055749,0.131971126312082,-0.131971126312082,"ENSG00000011243","AKAP8L"
"AKT1",0.133420594275174,-0.133420594275174,0.89545717504709,0.895457175047089,0.956004101473761,0.956004101473761,0.0122118708990723,-0.0122118708990723,"ENSG00000142208","AKT1"
"ALCAM",0.39124460842996,-0.391244608429959,0.700568901303603,0.700568901303604,0.945623035831004,0.945623035831004,0.0424793758727149,-0.0424793758727148,"ENSG00000170017","ALCAM"
"ALDH1A1",1.0641711104199,-1.0641711104199,0.302414436499973,0.302414436499973,0.703289387209239,0.70328938720924,0.162294540018558,-0.162294540018558,"ENSG00000165092","ALDH1A1"
"ALOX5AP",1.44123104107662,-1.44123104107662,0.168029149567037,0.168029149567038,0.610428226440249,0.610428226440249,0.279747594657693,-0.279747594657693,"ENSG00000132965","ALOX5AP"
"ANLN",1.13071022587949,-1.13071022587949,0.274173270827095,0.274173270827096,0.67200161055749,0.67200161055749,0.232679663671309,-0.232679663671309,"ENSG00000011426","ANLN"
"APOLD1",0.0697186068246491,-0.0697186068246491,0.945246627179936,0.945246627179936,0.974481058948388,0.974481058948388,0.0202733629055907,-0.0202733629055908,"ENSG00000178878","APOLD1"
"AQP1",-2.74750407526872,2.74750407526871,0.0139126853825412,0.0139126853825413,0.27392660175102,0.273926601751021,-0.881074524950349,0.881074524950349,"ENSG00000240583","AQP1"
"AQP4",-1.18411833047435,1.18411833047435,0.252965744710603,0.252965744710604,0.661388749150546,0.661388749150546,-0.177746517476623,0.177746517476622,"ENSG00000171885","AQP4"
"ARPC1B",0.658468824508641,-0.658468824508642,0.519222971736979,0.519222971736978,0.861824171603808,0.861824171603808,0.110838544974518,-0.110838544974518,"ENSG00000130429","ARPC1B"
"ARPP19",2.15412614020283,-2.15412614020283,0.0461598708602749,0.0461598708602749,0.433716181609218,0.433716181609216,0.27839180395208,-0.27839180395208,"ENSG00000128989","ARPP19"
"ARRDC3",-0.158870604321802,0.158870604321802,0.875678465566904,0.875678465566905,0.953081554552493,0.953081554552494,-0.0329131462232153,0.0329131462232153,"ENSG00000113369","ARRDC3"
"ATP2B4",-0.304099666478586,0.304099666478585,0.764812799351572,0.764812799351572,0.953081554552493,0.953081554552494,-0.0253414390559437,0.0253414390559437,"ENSG00000058668","ATP2B4"
"BAIAP3",-0.757755334220001,0.757755334220001,0.459169574512706,0.459169574512706,0.82443842034364,0.82443842034364,-0.140163974457528,0.140163974457528,"ENSG00000007516","BAIAP3"
"BCAS1",-2.90122149250284,2.90122149250284,0.0100822029480105,0.0100822029480105,0.27392660175102,0.273926601751021,-0.535710357549732,0.535710357549732,"ENSG00000064787","BCAS1"
"BCL6",-0.52014918735642,0.520149187356418,0.609794427241487,0.609794427241489,0.914691640862231,0.914691640862233,-0.0948321198764317,0.0948321198764314,"ENSG00000113916","BCL6"
"BDNF",-0.178280829088616,0.178280829088616,0.860649700004113,0.860649700004113,0.953081554552493,0.953081554552494,-0.0411532107947852,0.0411532107947852,"ENSG00000176697","BDNF"
"BLCAP",1.28396652169366,-1.28396652169366,0.216702469851132,0.216702469851132,0.655673146733045,0.655673146733044,0.143828424279317,-0.143828424279317,"ENSG00000166619","BLCAP"
"C14orf132",0.623616553638215,-0.623616553638215,0.541314063646467,0.541314063646467,0.870937751494599,0.8709377514946,0.0592059193965499,-0.0592059193965499,"ENSG00000227051","C14orf132"
"C1QA",-0.052074839151794,0.052074839151795,0.959087608134491,0.959087608134491,0.979145712670482,0.979145712670482,-0.0100903046453532,0.0100903046453534,"ENSG00000173372","C1QA"
"C1QB",-0.318918168579436,0.318918168579435,0.753747440189285,0.753747440189286,0.953081554552493,0.953081554552494,-0.0786085861193955,0.0786085861193953,"ENSG00000173369","C1QB"
"C1QL2",2.13713172202497,-2.13713172202497,0.047708779977014,0.0477087799770138,0.433716181609218,0.433716181609216,0.242202861549116,-0.242202861549116,"ENSG00000144119","C1QL2"
"C1orf61",0.329617964386353,-0.329617964386353,0.745791662309384,0.745791662309384,0.953081554552493,0.953081554552494,0.0546601394410035,-0.0546601394410036,"ENSG00000125462","C1orf61"
"C3",1.0514837349617,-1.0514837349617,0.30803168675085,0.30803168675085,0.709516142983386,0.709516142983387,0.206738446350611,-0.206738446350611,"ENSG00000125730","C3"
"C4A",-1.17695172543579,1.17695172543579,0.255736983004878,0.255736983004878,0.661388749150546,0.661388749150546,-0.345873263557211,0.345873263557212,"ENSG00000244731","C4A"
"CABP1",1.47933656346749,-1.4793365634675,0.157687885322094,0.157687885322094,0.610428226440249,0.610428226440249,0.177087828322902,-0.177087828322903,"ENSG00000157782","CABP1"
"CACNA1C",-0.0141292461796171,0.0141292461796166,0.988894487317436,0.988894487317436,0.995531363071244,0.995531363071244,-0.00134440312831275,0.00134440312831271,"ENSG00000151067","CACNA1C"
"CALB1",0.0976808242769973,-0.0976808242769975,0.92334988213228,0.923349882132279,0.962514823876381,0.962514823876381,0.0166649892836566,-0.0166649892836566,"ENSG00000104327","CALB1"
"CALB2",-1.70555544679954,1.70555544679954,0.106640358286453,0.106640358286454,0.569005344195007,0.56900534419501,-0.222421183008567,0.222421183008567,"ENSG00000172137","CALB2"
"CAMK2N1",1.3961468226153,-1.39614682261531,0.180975135684967,0.180975135684967,0.616960689835116,0.616960689835115,0.129857923122748,-0.129857923122748,"ENSG00000162545","CAMK2N1"
"CAPN3",1.03696415674883,-1.03696415674883,0.314552156722634,0.314552156722635,0.709516142983386,0.709516142983387,0.1716760874868,-0.1716760874868,"ENSG00000092529","CAPN3"
"CAPZB",0.652706629717738,-0.652706629717738,0.522839997439644,0.522839997439644,0.861824171603808,0.861824171603808,0.0733982813052743,-0.0733982813052743,"ENSG00000077549","CAPZB"
"CARTPT",0.997645642551361,-0.997645642551361,0.332704525113996,0.332704525113996,0.718067320389919,0.718067320389919,0.235634327994358,-0.235634327994358,"ENSG00000164326","CARTPT"
"CASC3",-0.700673197849246,0.700673197849245,0.493165791041156,0.493165791041156,0.845427070356268,0.845427070356268,-0.0535113853567638,0.0535113853567637,"ENSG00000108349","CASC3"
"CCK",0.588906561543226,-0.588906561543226,0.563814817567373,0.563814817567373,0.883420370733562,0.883420370733563,0.0897474769589545,-0.0897474769589545,"ENSG00000187094","CCK"
"CCNI",0.965709184748965,-0.965709184748965,0.347983201462197,0.347983201462197,0.720863368089612,0.720863368089612,0.10710294320496,-0.10710294320496,"ENSG00000118816","CCNI"
"CD52",0.107648515796258,-0.107648515796259,0.915558716071175,0.915558716071174,0.962514823876381,0.962514823876381,0.0314406199368901,-0.0314406199368904,"ENSG00000169442","CD52"
"CD53",1.35941212541071,-1.35941212541071,0.192111414865911,0.192111414865911,0.626450265867101,0.626450265867101,0.178159842543752,-0.178159842543752,"ENSG00000143119","CD53"
"CD68",0.718095276472995,-0.718095276472996,0.482635990529129,0.482635990529129,0.835940781720554,0.835940781720554,0.0764036239192625,-0.0764036239192625,"ENSG00000129226","CD68"
"CD74",-0.212680424382946,0.212680424382946,0.834153629386854,0.834153629386854,0.953081554552493,0.953081554552494,-0.0325266294824349,0.0325266294824349,"ENSG00000019582","CD74"
"CFAP36",0.867069097167988,-0.867069097167988,0.398205969978743,0.398205969978743,0.79420185585413,0.794201855854131,0.0939154899277647,-0.0939154899277647,"ENSG00000163001","CFAP36"
"CHI3L1",-1.67911640125232,1.67911640125232,0.111761371029021,0.111761371029021,0.569005344195007,0.56900534419501,-0.612495279583295,0.612495279583295,"ENSG00000133048","CHI3L1"
"CHST1",-0.478372981178234,0.478372981178235,0.63859449953632,0.63859449953632,0.917913976582698,0.917913976582698,-0.0467022165153116,0.0467022165153116,"ENSG00000175264","CHST1"
"CLDN11",0.90518282587171,-0.905182825871709,0.378257572197662,0.378257572197663,0.777241586707525,0.777241586707526,0.277765746055946,-0.277765746055945,"ENSG00000013297","CLDN11"
"CLDN5",1.25209656599362,-1.25209656599362,0.227807337384507,0.227807337384507,0.655673146733045,0.655673146733044,0.196793520627189,-0.196793520627189,"ENSG00000184113","CLDN5"
"CLDND1",0.281183199446924,-0.281183199446924,0.782028031731945,0.782028031731945,0.953081554552493,0.953081554552494,0.0344329528811239,-0.0344329528811239,"ENSG00000080822","CLDND1"
"CNDP1",0.822561612656398,-0.822561612656397,0.4223609272252,0.4223609272252,0.808521698826328,0.808521698826328,0.187948312222917,-0.187948312222917,"ENSG00000150656","CNDP1"
"CNN3",-0.153257254758605,0.153257254758604,0.880034132206167,0.880034132206167,0.953081554552493,0.953081554552494,-0.0268780116494589,0.0268780116494588,"ENSG00000117519","CNN3"
"CNP",0.341948008310687,-0.341948008310685,0.736660350382822,0.736660350382823,0.953081554552493,0.953081554552494,0.0593725942521356,-0.0593725942521353,"ENSG00000173786","CNP"
"COMT",-0.549889107134611,0.54988910713461,0.58968319247198,0.589683192471981,0.894916946487803,0.894916946487802,-0.0477277010180024,0.0477277010180023,"ENSG00000093010","COMT"
"CORT",0.441476484225277,-0.441476484225277,0.664537471895194,0.664537471895194,0.940383214946029,0.940383214946029,0.0563972368408851,-0.056397236840885,"ENSG00000241563","CORT"
"COX5A",1.02499730290448,-1.02499730290448,0.32000027491491,0.320000274914911,0.709975701814634,0.709975701814635,0.123205495786755,-0.123205495786755,"ENSG00000178741","COX5A"
"CRHBP",0.402819815257226,-0.402819815257225,0.692196501078874,0.692196501078874,0.945623035831004,0.945623035831004,0.0664259316160837,-0.0664259316160836,"ENSG00000145708","CRHBP"
"CRYM",0.603783306692251,-0.60378330669225,0.554110886334427,0.554110886334428,0.874911925791201,0.874911925791202,0.0823808479223982,-0.0823808479223981,"ENSG00000103316","CRYM"
"CSF1R",1.15665251435508,-1.15665251435508,0.263711349557366,0.263711349557367,0.67200161055749,0.67200161055749,0.208739555228494,-0.208739555228494,"ENSG00000182578","CSF1R"
"CSMD1",1.49817509817382,-1.49817509817382,0.152773002802283,0.152773002802283,0.610428226440249,0.610428226440249,0.155338868854544,-0.155338868854544,"ENSG00000183117","CSMD1"
"CTIF",0.413910394156849,-0.41391039415685,0.684212969732362,0.684212969732361,0.945623035831004,0.945623035831004,0.0538539903151219,-0.053853990315122,"ENSG00000134030","CTIF"
"CUX2",1.65284113406117,-1.65284113406117,0.117059023511368,0.117059023511368,0.580414241795292,0.580414241795292,0.199401757501535,-0.199401757501535,"ENSG00000111249","CUX2"
"CX3CR1",1.85165381965963,-1.85165381965963,0.0818607482860816,0.0818607482860818,0.508011132462035,0.508011132462036,0.347230420660394,-0.347230420660394,"ENSG00000168329","CX3CR1"
"CXCL14",1.25837014714755,-1.25837014714755,0.225586993541974,0.225586993541974,0.655673146733045,0.655673146733044,0.205669930002312,-0.205669930002312,"ENSG00000145824","CXCL14"
"CXCR4",0.158801041029466,-0.158801041029466,0.875732418201167,0.875732418201167,0.953081554552493,0.953081554552494,0.0550981566198022,-0.0550981566198021,"ENSG00000121966","CXCR4"
"CYBA",1.19618393374031,-1.19618393374031,0.248351814962846,0.248351814962846,0.661388749150546,0.661388749150546,0.201754758498197,-0.201754758498197,"ENSG00000051523","CYBA"
"CYBB",1.40839295755129,-1.40839295755128,0.177380969740889,0.177380969740889,0.611658516347893,0.611658516347894,0.233807900755199,-0.233807900755198,"ENSG00000165168","CYBB"
"CYP46A1",-0.1451063368022,0.145106336802199,0.886365845733818,0.886365845733819,0.953081554552493,0.953081554552494,-0.015677038105677,0.0156770381056769,"ENSG00000036530","CYP46A1"
"DACH1",-0.755392240347211,0.755392240347212,0.4605479846923,0.460547984692299,0.82443842034364,0.82443842034364,-0.0899719546012792,0.0899719546012793,"ENSG00000276644","DACH1"
"DBNDD2",0.501348268722279,-0.501348268722279,0.62267787554622,0.62267787554622,0.917913976582698,0.917913976582698,0.0661230129414962,-0.0661230129414962,"ENSG00000244274","DBNDD2"
"DCC",-1.41737077807013,1.41737077807013,0.174783067858282,0.174783067858282,0.610428226440249,0.610428226440249,-0.148422369746414,0.148422369746414,"ENSG00000187323","DCC"
"DDIT4",-1.31320170875167,1.31320170875167,0.206893801185677,0.206893801185677,0.639877735625805,0.639877735625804,-0.339790433801246,0.339790433801247,"ENSG00000168209","DDIT4"
"DEAF1",-1.18038991030872,1.18038991030872,0.254404616820775,0.254404616820775,0.661388749150546,0.661388749150546,-0.131849596271389,0.131849596271389,"ENSG00000177030","DEAF1"
"DIRAS2",0.211221693700343,-0.211221693700342,0.835273284177177,0.835273284177178,0.953081554552493,0.953081554552494,0.0216388057614163,-0.0216388057614162,"ENSG00000165023","DIRAS2"
"DISC1",0.244338174252416,-0.244338174252416,0.809949061033668,0.809949061033667,0.953081554552493,0.953081554552494,0.0348105732785342,-0.0348105732785342,"ENSG00000162946","DISC1"
"DKK3",-0.30677637649741,0.30677637649741,0.76281006522701,0.76281006522701,0.953081554552493,0.953081554552494,-0.03061346383484,0.0306134638348401,"ENSG00000050165","DKK3"
"EDIL3",0.804381505719901,-0.8043815057199,0.432492217437353,0.432492217437353,0.808521698826328,0.808521698826328,0.146255142433592,-0.146255142433592,"ENSG00000164176","EDIL3"
"EGR1",1.4202209149763,-1.4202209149763,0.173964838154665,0.173964838154665,0.610428226440249,0.610428226440249,0.45223857661626,-0.45223857661626,"ENSG00000120738","EGR1"
"EGR3",1.26623690304398,-1.26623690304398,0.222826674517203,0.222826674517202,0.655673146733045,0.655673146733044,0.322020073754293,-0.322020073754293,"ENSG00000179388","EGR3"
"ELMSAN1",0.481152946333589,-0.481152946333589,0.636658707683371,0.636658707683371,0.917913976582698,0.917913976582698,0.0559915791843009,-0.055991579184301,"ENSG00000156030","ELMSAN1"
"ELOC",0.409643557744484,-0.409643557744483,0.687279948648932,0.687279948648932,0.945623035831004,0.945623035831004,0.0350424958950429,-0.0350424958950429,"ENSG00000154582","ELOC"
"ENC1",0.964816239108092,-0.964816239108092,0.348417294576646,0.348417294576646,0.720863368089612,0.720863368089612,0.115677110989128,-0.115677110989128,"ENSG00000171617","ENC1"
"ENPP2",1.57472749229568,-1.57472749229568,0.134093945083073,0.134093945083073,0.610428226440249,0.610428226440249,0.376531797001085,-0.376531797001085,"ENSG00000136960","ENPP2"
"EPAS1",0.894728068832776,-0.894728068832776,0.383661600667201,0.383661600667201,0.782982858504493,0.782982858504492,0.0904905702309787,-0.0904905702309788,"ENSG00000116016","EPAS1"
"ERBB4",0.388013530052341,-0.388013530052341,0.702913123301046,0.702913123301046,0.945623035831004,0.945623035831004,0.05767394927091,-0.05767394927091,"ENSG00000178568","ERBB4"
"EVI2A",1.54178864919606,-1.54178864919606,0.141881605369949,0.141881605369949,0.610428226440249,0.610428226440249,0.221269099078326,-0.221269099078326,"ENSG00000126860","EVI2A"
"FABP3",-1.41665369247728,1.41665369247728,0.174989424912872,0.174989424912872,0.610428226440249,0.610428226440249,-0.12773989244678,0.12773989244678,"ENSG00000121769","FABP3"
"FGFR3",0.285746401374259,-0.28574640137426,0.778590439495036,0.778590439495036,0.953081554552493,0.953081554552494,0.0374704256251627,-0.0374704256251628,"ENSG00000068078","FGFR3"
"FILIP1",-2.94139430326197,2.94139430326197,0.00926341609230457,0.00926341609230459,0.27392660175102,0.273926601751021,-0.500481316140367,0.500481316140367,"ENSG00000118407","FILIP1"
"FKBP5",-2.1508407004038,2.15084070040379,0.0464556645750493,0.0464556645750494,0.433716181609218,0.433716181609216,-0.651607319139973,0.651607319139973,"ENSG00000096060","FKBP5"
"FLT1",0.862894979631406,-0.862894979631405,0.400432054863384,0.400432054863385,0.79420185585413,0.794201855854131,0.0951774205792641,-0.0951774205792641,"ENSG00000102755","FLT1"
"FREM3",-0.172904984857165,0.172904984857164,0.864806804823228,0.864806804823228,0.953081554552493,0.953081554552494,-0.0278923919685664,0.0278923919685663,"ENSG00000183090","FREM3"
"FSCN1",2.6471819998447,-2.6471819998447,0.017131831788753,0.017131831788753,0.27392660175102,0.273926601751021,0.387749152697029,-0.387749152697029,"ENSG00000075618","FSCN1"
"FSTL4",-0.00789239276042079,0.00789239276042099,0.993796470568068,0.993796470568068,0.996602900640155,0.996602900640155,-0.000797966766047617,0.000797966766047637,"ENSG00000053108","FSTL4"
"FURIN",0.227737768216974,-0.227737768216974,0.822618187830045,0.822618187830045,0.953081554552493,0.953081554552494,0.0351150765297452,-0.0351150765297453,"ENSG00000140564","FURIN"
"GABBR2",0.798913199083383,-0.798913199083385,0.435569396283437,0.435569396283436,0.808521698826328,0.808521698826328,0.0787493844390247,-0.0787493844390249,"ENSG00000136928","GABBR2"
"GABPB1-AS1",-0.0927301017053061,0.0927301017053063,0.927222613667581,0.927222613667581,0.962514823876381,0.962514823876381,-0.0195003436187602,0.0195003436187602,"ENSG00000244879","GABPB1-AS1"
"GAD1",0.66588019821002,-0.66588019821002,0.514591542201796,0.514591542201796,0.861824171603808,0.861824171603808,0.0828353329627063,-0.0828353329627063,"ENSG00000128683","GAD1"
"GAD2",1.7045549408717,-1.7045549408717,0.106830391307784,0.106830391307784,0.569005344195007,0.56900534419501,0.247410912794829,-0.247410912794829,"ENSG00000136750","GAD2"
"GADD45G",-2.03115743069345,2.03115743069345,0.0584890442617201,0.0584890442617201,0.487408702181001,0.487408702181001,-0.323212563779446,0.323212563779446,"ENSG00000130222","GADD45G"
"GALNT16",-2.69138400783074,2.69138400783074,0.0156340252562739,0.0156340252562739,0.27392660175102,0.273926601751021,-0.300676615188459,0.300676615188459,"ENSG00000100626","GALNT16"
"GATD3A",-0.0397859028392168,0.0397859028392178,0.968736130663787,0.968736130663786,0.985155387115716,0.985155387115715,-0.00392182152963395,0.00392182152963405,"ENSG00000160221","GATD3A"
"GATD3B",0.41175399374537,-0.41175399374537,0.685762271992192,0.685762271992192,0.945623035831004,0.945623035831004,0.0437827586816739,-0.0437827586816739,"ENSG00000280071","GATD3B"
"GFAP",-1.14280237330181,1.14280237330181,0.269258825453226,0.269258825453227,0.67200161055749,0.67200161055749,-0.319605035812385,0.319605035812385,"ENSG00000131095","GFAP"
"GJA1",-0.0514694292827859,0.0514694292827859,0.959562798417072,0.959562798417072,0.979145712670482,0.979145712670482,-0.00625795160046874,0.00625795160046874,"ENSG00000152661","GJA1"
"GJB1",0.740048864350861,-0.74004886435086,0.469559164133361,0.469559164133361,0.830472148059296,0.830472148059296,0.242574541155274,-0.242574541155274,"ENSG00000169562","GJB1"
"GNAL",0.483791986911165,-0.483791986911165,0.634823549454445,0.634823549454445,0.917913976582698,0.917913976582698,0.0396609860512177,-0.0396609860512177,"ENSG00000141404","GNAL"
"GPR34",1.42154785505721,-1.42154785505721,0.173584961296063,0.173584961296063,0.610428226440249,0.610428226440249,0.257462956884572,-0.257462956884573,"ENSG00000171659","GPR34"
"GPR6",-0.633814001438714,0.633814001438716,0.534797686117767,0.534797686117766,0.870937751494599,0.8709377514946,-0.118864564183679,0.118864564183679,"ENSG00000146360","GPR6"
"GPX3",1.92358005163436,-1.92358005163436,0.0716455342067822,0.0716455342067823,0.508011132462035,0.508011132462036,0.241429282339886,-0.241429282339886,"ENSG00000211445","GPX3"
"GRIN2A",1.43024146079598,-1.43024146079598,0.171112863876965,0.171112863876965,0.610428226440249,0.610428226440249,0.163035967095061,-0.163035967095061,"ENSG00000183454","GRIN2A"
"GSTM5",-1.3445553699375,1.3445553699375,0.196768849523074,0.196768849523074,0.6323745597719,0.632374559771901,-0.398764293784515,0.398764293784515,"ENSG00000134201","GSTM5"
"HBA1",-0.510878597091293,0.510878597091292,0.616131021201363,0.616131021201363,0.917913976582698,0.917913976582698,-0.200036878632335,0.200036878632335,"ENSG00000206172","HBA1"
"HHIP",0.147320365607634,-0.147320365607632,0.884645163358532,0.884645163358533,0.953081554552493,0.953081554552494,0.0282411717057758,-0.0282411717057755,"ENSG00000164161","HHIP"
"HIF3A",-1.87221324419426,1.87221324419426,0.0788164079675191,0.0788164079675191,0.508011132462035,0.508011132462036,-0.336012404487832,0.336012404487832,"ENSG00000124440","HIF3A"
"HLA-B",0.221578612029707,-0.221578612029708,0.827331826310268,0.827331826310268,0.953081554552493,0.953081554552494,0.035131498899606,-0.0351314988996062,"ENSG00000234745","HLA-B"
"HLA-DPA1",0.721630545725726,-0.721630545725725,0.480515676050067,0.480515676050068,0.835940781720554,0.835940781720554,0.177844932208599,-0.177844932208599,"ENSG00000231389","HLA-DPA1"
"HLA-DRB1",-0.395213342975921,0.395213342975922,0.697693751602718,0.697693751602717,0.945623035831004,0.945623035831004,-0.0935001307728845,0.0935001307728847,"ENSG00000196126","HLA-DRB1"
"HLA-E",1.67925049264316,-1.67925049264316,0.111734873211225,0.111734873211225,0.569005344195007,0.56900534419501,0.225606253198051,-0.225606253198051,"ENSG00000204592","HLA-E"
"HMGB2",-1.12579420834726,1.12579420834726,0.276190245498376,0.276190245498377,0.67200161055749,0.67200161055749,-0.161428309357571,0.161428309357571,"ENSG00000164104","HMGB2"
"HNRNPH3",0.571189986835666,-0.571189986835666,0.575486709945377,0.575486709945376,0.89063626752198,0.89063626752198,0.044692651544745,-0.044692651544745,"ENSG00000096746","HNRNPH3"
"HPCAL1",-0.146737465406242,0.146737465406244,0.885098120132531,0.885098120132531,0.953081554552493,0.953081554552494,-0.017044040402725,0.0170440404027251,"ENSG00000115756","HPCAL1"
"HSPA8",1.62445421010125,-1.62445421010125,0.123022800791987,0.123022800791987,0.59527161673542,0.59527161673542,0.162778086010029,-0.162778086010029,"ENSG00000109971","HSPA8"
"HTR2C",-2.07398794494248,2.07398794494248,0.0538900146217406,0.0538900146217408,0.473399281268386,0.473399281268388,-0.354988209746514,0.354988209746514,"ENSG00000147246","HTR2C"
"IFITM3",1.98887510767275,-1.98887510767275,0.063375207169099,0.063375207169099,0.487501593608454,0.487501593608454,0.666322076190434,-0.666322076190434,"ENSG00000142089","IFITM3"
"IGFBP5",-0.161706305780991,0.161706305780989,0.873479662429102,0.873479662429103,0.953081554552493,0.953081554552494,-0.0230079187111238,0.0230079187111235,"ENSG00000115461","IGFBP5"
"IGFBP6",-0.251678916132431,0.251678916132431,0.804363807233904,0.804363807233904,0.953081554552493,0.953081554552494,-0.0302438070151242,0.0302438070151242,"ENSG00000167779","IGFBP6"
"IGSF6",1.04009146234082,-1.04009146234082,0.31313942930596,0.31313942930596,0.709516142983386,0.709516142983387,0.145057883058328,-0.145057883058328,"ENSG00000140749","IGSF6"
"IRS2",0.687711224620935,-0.687711224620935,0.501086414577519,0.501086414577518,0.849299007758506,0.849299007758506,0.0716091342429396,-0.0716091342429397,"ENSG00000185950","IRS2"
"ISLR",-1.18245224511566,1.18245224511566,0.253607953876371,0.253607953876371,0.661388749150546,0.661388749150546,-0.196078083358907,0.196078083358907,"ENSG00000129009","ISLR"
"ITGAM",2.17069360132745,-2.17069360132745,0.0446944685345953,0.0446944685345953,0.433716181609218,0.433716181609216,0.348913047369381,-0.348913047369381,"ENSG00000169896","ITGAM"
"ITGAX",0.9741326486569,-0.974132648656899,0.343906732827014,0.343906732827015,0.720863368089612,0.720863368089612,0.229397166632354,-0.229397166632354,"ENSG00000140678","ITGAX"
"ITGB2",1.06650645845464,-1.06650645845464,0.301388632029928,0.301388632029928,0.703289387209239,0.70328938720924,0.168766057288534,-0.168766057288534,"ENSG00000160255","ITGB2"
"ITGB4",-0.368492799076944,0.368492799076944,0.717140813780938,0.717140813780938,0.953081554552493,0.953081554552494,-0.115863085238917,0.115863085238917,"ENSG00000132470","ITGB4"
"ITM2A",2.64109128382011,-2.64109128382011,0.0173486847775646,0.0173486847775647,0.27392660175102,0.273926601751021,0.394210984330205,-0.394210984330205,"ENSG00000078596","ITM2A"
"KANSL1-AS1",-1.2104795596638,1.2104795596638,0.242968636354178,0.242968636354178,0.661388749150546,0.661388749150546,-0.268657128207146,0.268657128207147,"ENSG00000214401","KANSL1-AS1"
"KCNK1",2.1897055924389,-2.1897055924389,0.0430656595375258,0.0430656595375259,0.433716181609218,0.433716181609216,0.253805325305216,-0.253805325305216,"ENSG00000135750","KCNK1"
"KIF1A",-0.607076557589649,0.607076557589649,0.551974857008586,0.551974857008586,0.874911925791201,0.874911925791202,-0.0605636074890507,0.0605636074890508,"ENSG00000130294","KIF1A"
"KIF5A",0.254464755768599,-0.254464755768599,0.802247015532782,0.802247015532782,0.953081554552493,0.953081554552494,0.0288066997201459,-0.0288066997201459,"ENSG00000155980","KIF5A"
"KLF2",4.8071292168392,-4.8071292168392,0.000172941385949662,0.000172941385949663,0.0518824157848985,0.0518824157848988,0.589433284683864,-0.589433284683864,"ENSG00000127528","KLF2"
"KLK6",-0.989525789545073,0.989525789545074,0.336543639403212,0.336543639403212,0.720863368089612,0.720863368089612,-0.401457000634815,0.401457000634816,"ENSG00000167755","KLK6"
"KRT17",-2.88869369645033,2.88869369645033,0.0103516142867755,0.0103516142867755,0.27392660175102,0.273926601751021,-0.465023001359554,0.465023001359554,"ENSG00000128422","KRT17"
"LAMP5",1.97432489747813,-1.97432489747813,0.0651399578535733,0.0651399578535733,0.4885496839018,0.4885496839018,0.26972289093724,-0.26972289093724,"ENSG00000125869","LAMP5"
"LAPTM5",1.86934573938598,-1.86934573938598,0.0792348965929488,0.0792348965929487,0.508011132462035,0.508011132462036,0.382553067014072,-0.382553067014072,"ENSG00000162511","LAPTM5"
"LATS1",0.753445352403817,-0.753445352403817,0.461685515392439,0.461685515392438,0.82443842034364,0.82443842034364,0.0664972645671157,-0.0664972645671157,"ENSG00000131023","LATS1"
"LGALS1",0.788787698512852,-0.788787698512853,0.441303611750149,0.441303611750149,0.808521698826328,0.808521698826328,0.0831990186972876,-0.0831990186972877,"ENSG00000100097","LGALS1"
"LILRB4",1.5977290433777,-1.5977290433777,0.128872245478726,0.128872245478726,0.610428226440249,0.610428226440249,0.275895742916473,-0.275895742916473,"ENSG00000186818","LILRB4"
"LINC02714",0.0144454014245309,-0.0144454014245291,0.988646009088583,0.988646009088584,0.995531363071244,0.995531363071244,0.00358354431705239,-0.00358354431705193,"ENSG00000251226","LINC02714"
"LMO4",1.4647503677391,-1.46475036773911,0.161582559823836,0.161582559823836,0.610428226440249,0.610428226440249,0.176949096810169,-0.176949096810169,"ENSG00000143013","LMO4"
"LPAR6",1.36114628556113,-1.36114628556112,0.191573585987803,0.191573585987804,0.626450265867101,0.626450265867101,0.35661854810507,-0.356618548105069,"ENSG00000139679","LPAR6"
"LST1",0.621168987289965,-0.621168987289964,0.542884531764966,0.542884531764967,0.870937751494599,0.8709377514946,0.126733899442394,-0.126733899442394,"ENSG00000204482","LST1"
"LY86",1.49869932408366,-1.49869932408365,0.152638073756611,0.152638073756611,0.610428226440249,0.610428226440249,0.253969345958352,-0.253969345958352,"ENSG00000112799","LY86"
"LZTS3",-0.207071324757713,0.207071324757711,0.838460904281928,0.838460904281929,0.953081554552493,0.953081554552494,-0.0237281152590558,0.0237281152590557,"ENSG00000088899","LZTS3"
"MAG",-0.274501830630624,0.274501830630625,0.787069681252689,0.787069681252688,0.953081554552493,0.953081554552494,-0.058002521067937,0.0580025210679373,"ENSG00000105695","MAG"
"MAP2K1",-0.223026811047996,0.223026811047996,0.826222892709685,0.826222892709685,0.953081554552493,0.953081554552494,-0.0264431247379303,0.0264431247379303,"ENSG00000169032","MAP2K1"
"MAPK3",-0.548455163354301,0.548455163354303,0.59064518468195,0.590645184681949,0.894916946487803,0.894916946487802,-0.0630843542049564,0.0630843542049566,"ENSG00000102882","MAPK3"
"MBP",-3.62494464443984,3.62494464443984,0.00214780379439926,0.00214780379439926,0.161085284579945,0.161085284579945,-0.574874987594518,0.574874987594518,"ENSG00000197971","MBP"
"MEIS2",0.801097809130105,-0.801097809130106,0.434338399891807,0.434338399891807,0.808521698826328,0.808521698826328,0.0921657341803833,-0.0921657341803833,"ENSG00000134138","MEIS2"
"MEPE",-1.8892294912928,1.8892294912928,0.0763731741517644,0.0763731741517645,0.508011132462035,0.508011132462036,-0.344847451296465,0.344847451296465,"ENSG00000152595","MEPE"
"MOBP",-2.77663572326573,2.77663572326573,0.0130925604248229,0.0130925604248229,0.27392660175102,0.273926601751021,-0.396056494662785,0.396056494662785,"ENSG00000168314","MOBP"
"MOG",0.417743908099485,-0.417743908099485,0.681462301330444,0.681462301330445,0.945623035831004,0.945623035831004,0.104764451792112,-0.104764451792113,"ENSG00000204655","MOG"
"MRPL27",0.154056233647797,-0.154056233647797,0.879413920757499,0.879413920757499,0.953081554552493,0.953081554552494,0.014057610399835,-0.014057610399835,"ENSG00000108826","MRPL27"
"MRPL57",0.682078211654355,-0.682078211654355,0.504551384962658,0.504551384962658,0.850367502746052,0.850367502746052,0.0821518635017592,-0.0821518635017592,"ENSG00000173141","MRPL57"
"MT-ATP8",0.0988731943299558,-0.0988731943299552,0.922417436344381,0.922417436344381,0.962514823876381,0.962514823876381,0.0147036921008617,-0.0147036921008616,"ENSG00000228253","MT-ATP8"
"MT-ND1",0.139013491652745,-0.139013491652746,0.891104032997011,0.89110403299701,0.954754321068226,0.954754321068225,0.0215491139455313,-0.0215491139455315,"ENSG00000198888","MT-ND1"
"MT-ND2",0.233415858435026,-0.233415858435026,0.818278892411209,0.818278892411209,0.953081554552493,0.953081554552494,0.0360957806693587,-0.0360957806693588,"ENSG00000198763","MT-ND2"
"MT-ND4",0.3323939598638,-0.332393959863801,0.743732370086349,0.743732370086348,0.953081554552493,0.953081554552494,0.0481645777080178,-0.0481645777080179,"ENSG00000198886","MT-ND4"
"MT-ND4L",0.612560365350478,-0.612560365350479,0.548427838257671,0.54842783825767,0.874911925791201,0.874911925791202,0.124526292911354,-0.124526292911354,"ENSG00000212907","MT-ND4L"
"MT-ND5",0.212095971192957,-0.212095971192957,0.834602184912229,0.834602184912228,0.953081554552493,0.953081554552494,0.0316145158383999,-0.0316145158383999,"ENSG00000198786","MT-ND5"
"MT-ND6",-0.840191302412572,0.840191302412573,0.412682631414662,0.412682631414662,0.803927204054537,0.803927204054536,-0.123185318302898,0.123185318302898,"ENSG00000198695","MT-ND6"
"MT1E",0.168868832337643,-0.168868832337643,0.867930629979909,0.867930629979909,0.953081554552493,0.953081554552494,0.0429974664686232,-0.0429974664686232,"ENSG00000169715","MT1E"
"MT1M",0.205894439256197,-0.205894439256197,0.839365320843504,0.839365320843503,0.953081554552493,0.953081554552494,0.0445584874078968,-0.044558487407897,"ENSG00000205364","MT1M"
"MT1X",-2.78545934993951,2.78545934993951,0.0128534867904668,0.0128534867904668,0.27392660175102,0.273926601751021,-0.504715230183836,0.504715230183836,"ENSG00000187193","MT1X"
"MT2A",-0.232483947445694,0.232483947445693,0.818990662212091,0.818990662212091,0.953081554552493,0.953081554552494,-0.0505343142488296,0.0505343142488294,"ENSG00000125148","MT2A"
"MTRNR2L1",-0.566640197237477,0.566640197237478,0.578504181946051,0.57850418194605,0.89063626752198,0.89063626752198,-0.0830290766308273,0.0830290766308275,"ENSG00000256618","MTRNR2L1"
"MTRNR2L12",0.0961114311682059,-0.0961114311682055,0.924577339027083,0.924577339027083,0.962514823876381,0.962514823876381,0.0166785161889791,-0.016678516188979,"ENSG00000269028","MTRNR2L12"
"MTURN",-0.71442082595461,0.71442082595461,0.484845653397922,0.484845653397921,0.835940781720554,0.835940781720554,-0.0651088041830001,0.0651088041830002,"ENSG00000180354","MTURN"
"MYL6",-0.810044410994425,0.810044410994425,0.42932005678055,0.42932005678055,0.808521698826328,0.808521698826328,-0.07558899256988,0.0755889925698801,"ENSG00000092841","MYL6"
"MYL9",-1.85329634708627,1.85329634708627,0.081613758118203,0.081613758118203,0.508011132462035,0.508011132462036,-0.370691805353722,0.370691805353723,"ENSG00000101335","MYL9"
"NDUFB2",-0.690496389695302,0.690496389695302,0.499378306129268,0.499378306129268,0.849299007758506,0.849299007758506,-0.153927965690354,0.153927965690354,"ENSG00000090266","NDUFB2"
"NDUFB9",0.356142141394732,-0.356142141394733,0.726198684868242,0.726198684868241,0.953081554552493,0.953081554552494,0.0380651701422613,-0.0380651701422614,"ENSG00000147684","NDUFB9"
"NEFH",0.148127186942591,-0.148127186942592,0.884018271193102,0.884018271193102,0.953081554552493,0.953081554552494,0.0200400310160054,-0.0200400310160055,"ENSG00000100285","NEFH"
"NEFL",0.0819757477821989,-0.0819757477821984,0.935641626701868,0.935641626701869,0.967905131070898,0.967905131070899,0.00947964700902377,-0.00947964700902372,"ENSG00000277586","NEFL"
"NEFM",1.12808781599026,-1.12808781599026,0.275247838692658,0.275247838692658,0.67200161055749,0.67200161055749,0.137496913145672,-0.137496913145672,"ENSG00000104722","NEFM"
"NORAD",0.877685508707464,-0.877685508707464,0.3925809337277,0.392580933727701,0.79420185585413,0.794201855854131,0.0937785460758319,-0.0937785460758318,"ENSG00000260032","NORAD"
"NOS1",-1.68697885875023,1.68697885875023,0.110216784351231,0.110216784351231,0.569005344195007,0.56900534419501,-0.217544545780825,0.217544545780825,"ENSG00000089250","NOS1"
"NOTCH1",1.4546665678535,-1.4546665678535,0.164321134128792,0.164321134128792,0.610428226440249,0.610428226440249,0.132619304070506,-0.132619304070506,"ENSG00000148400","NOTCH1"
"NPIPA1",1.31456507397087,-1.31456507397087,0.206445098490622,0.206445098490622,0.639877735625805,0.639877735625804,0.1302544579504,-0.1302544579504,"ENSG00000183426","NPIPA1"
"NPTX1",-1.23424988161675,1.23424988161675,0.234216589312172,0.234216589312172,0.655673146733045,0.655673146733044,-0.137567846480227,0.137567846480227,"ENSG00000171246","NPTX1"
"NPTX2",2.06117695151367,-2.06117695151366,0.0552299161479783,0.0552299161479786,0.473399281268386,0.473399281268388,0.519518049552425,-0.519518049552425,"ENSG00000106236","NPTX2"
"NPY",-0.782752678711035,0.782752678711036,0.444743690675631,0.44474369067563,0.808624892137511,0.808624892137509,-0.111495395352547,0.111495395352547,"ENSG00000122585","NPY"
"NR4A2",1.26052310165242,-1.26052310165242,0.224828919458984,0.224828919458984,0.655673146733045,0.655673146733044,0.418633756796929,-0.418633756796929,"ENSG00000153234","NR4A2"
"NRG1",-0.262539192496895,0.262539192496895,0.79612074240965,0.79612074240965,0.953081554552493,0.953081554552494,-0.0277527133400871,0.0277527133400871,"ENSG00000157168","NRG1"
"NRXN1",1.18701882715994,-1.18701882715994,0.251850671602792,0.251850671602792,0.661388749150546,0.661388749150546,0.143979911983224,-0.143979911983224,"ENSG00000179915","NRXN1"
"NTRK2",0.796486981606352,-0.796486981606352,0.4369391078364,0.4369391078364,0.808521698826328,0.808521698826328,0.116214884511576,-0.116214884511576,"ENSG00000148053","NTRK2"
"NUDT14",-1.2441261161794,1.2441261161794,0.230652709529469,0.230652709529469,0.655673146733045,0.655673146733044,-0.165673010908622,0.165673010908622,"ENSG00000183828","NUDT14"
"NUPR1",-3.12775864111429,3.12775864111429,0.00623868466020238,0.00623868466020241,0.27392660175102,0.273926601751021,-0.487576958052443,0.487576958052443,"ENSG00000176046","NUPR1"
"NXPH4",-3.43346548645205,3.43346548645205,0.00324244159077239,0.00324244159077237,0.194546495446343,0.194546495446342,-0.536219401975843,0.536219401975844,"ENSG00000182379","NXPH4"
"OGA",0.488538669476299,-0.488538669476298,0.631528927944923,0.631528927944923,0.917913976582698,0.917913976582698,0.0541167856251238,-0.0541167856251237,"ENSG00000198408","OGA"
"OLFML3",2.5699526096577,-2.5699526096577,0.0200835953694047,0.0200835953694047,0.30125393054107,0.30125393054107,0.411247271669669,-0.411247271669669,"ENSG00000116774","OLFML3"
"OLR1",1.14983818413835,-1.14983818413835,0.266429890346421,0.266429890346421,0.67200161055749,0.67200161055749,0.311125358399907,-0.311125358399907,"ENSG00000173391","OLR1"
"OSBPL1A",1.50787860218646,-1.50787860218646,0.150291446130092,0.150291446130092,0.610428226440249,0.610428226440249,0.153756655021565,-0.153756655021565,"ENSG00000141447","OSBPL1A"
"OTOS",-3.04294087643419,3.04294087643419,0.00747171692408177,0.00747171692408179,0.27392660175102,0.273926601751021,-0.54609391502536,0.54609391502536,"ENSG00000178602","OTOS"
"P2RY12",1.84429694102709,-1.84429694102709,0.0829751516354658,0.0829751516354659,0.508011132462035,0.508011132462036,0.65250458397092,-0.65250458397092,"ENSG00000169313","P2RY12"
"P2RY13",2.0143886562891,-2.0143886562891,0.060384546121027,0.060384546121027,0.487501593608454,0.487501593608454,0.611618795616545,-0.611618795616545,"ENSG00000181631","P2RY13"
"PAQR6",-0.787577938499189,0.787577938499189,0.441991862025059,0.441991862025059,0.808521698826328,0.808521698826328,-0.0950050104009586,0.0950050104009586,"ENSG00000160781","PAQR6"
"PCP4",0.23331782574434,-0.23331782574434,0.818353759588305,0.818353759588305,0.953081554552493,0.953081554552494,0.0352369112714538,-0.0352369112714539,"ENSG00000183036","PCP4"
"PDXK",-0.311642676348278,0.311642676348277,0.759173511508706,0.759173511508706,0.953081554552493,0.953081554552494,-0.0266187008840581,0.026618700884058,"ENSG00000160209","PDXK"
"PECAM1",2.75495234690163,-2.75495234690163,0.013698411987959,0.013698411987959,0.27392660175102,0.273926601751021,0.330781720878573,-0.330781720878573,"ENSG00000261371","PECAM1"
"PFN1",-0.0938261723732263,0.0938261723732258,0.926365040138429,0.92636504013843,0.962514823876381,0.962514823876381,-0.0177910306399925,0.0177910306399925,"ENSG00000108518","PFN1"
"PLAAT3",-0.201543515151733,0.201543515151734,0.842710934418717,0.842710934418716,0.953081554552493,0.953081554552494,-0.0231073714910802,0.0231073714910802,"ENSG00000176485","PLAAT3"
"PLD4",1.43804572048513,-1.43804572048513,0.168918240602137,0.168918240602137,0.610428226440249,0.610428226440249,0.298353747710926,-0.298353747710926,"ENSG00000166428","PLD4"
"PLEC",-2.358488307365,2.35848830736499,0.0308341646853598,0.0308341646853599,0.420465882073089,0.42046588207309,-0.376875422263938,0.376875422263938,"ENSG00000178209","PLEC"
"PLP1",1.01582341873664,-1.01582341873664,0.324222237162016,0.324222237162017,0.709975701814634,0.709975701814635,0.20813588446988,-0.20813588446988,"ENSG00000123560","PLP1"
"PMP22",0.733650181414675,-0.733650181414675,0.4733483717615,0.4733483717615,0.830472148059296,0.830472148059296,0.0881211065525626,-0.0881211065525626,"ENSG00000109099","PMP22"
"PPM1K",0.410689698441834,-0.410689698441834,0.686527465545889,0.686527465545889,0.945623035831004,0.945623035831004,0.0479188822206568,-0.0479188822206567,"ENSG00000163644","PPM1K"
"PSMA7",0.222408405615301,-0.222408405615302,0.826696379917015,0.826696379917014,0.953081554552493,0.953081554552494,0.0187642699069867,-0.0187642699069867,"ENSG00000101182","PSMA7"
"PVALB",1.34022252183438,-1.34022252183438,0.198144028728529,0.198144028728529,0.6323745597719,0.632374559771901,0.223088544965125,-0.223088544965125,"ENSG00000100362","PVALB"
"PWP2",-0.228135096048736,0.228135096048736,0.822314348306906,0.822314348306906,0.953081554552493,0.953081554552494,-0.0248235515679137,0.0248235515679137,"ENSG00000241945","PWP2"
"RANBP1",-1.5113199873574,1.5113199873574,0.149419448377487,0.149419448377487,0.610428226440249,0.610428226440249,-0.11832148138517,0.11832148138517,"ENSG00000099901","RANBP1"
"RASD1",-1.10904196840079,1.10904196840079,0.283146379908198,0.283146379908198,0.674158047400471,0.674158047400472,-0.249253912049243,0.249253912049243,"ENSG00000108551","RASD1"
"RASGRF2",0.969808666663408,-0.969808666663408,0.345995115493931,0.345995115493931,0.720863368089612,0.720863368089612,0.114306494669259,-0.114306494669259,"ENSG00000113319","RASGRF2"
"RCAN2",1.33234665609661,-1.33234665609661,0.200663346425171,0.200663346425171,0.633673725553171,0.633673725553171,0.132283776132161,-0.132283776132161,"ENSG00000172348","RCAN2"
"RELN",2.28718455759055,-2.28718455759055,0.0355423912679455,0.0355423912679454,0.433716181609218,0.433716181609216,0.305697916850217,-0.305697916850217,"ENSG00000189056","RELN"
"RERGL",2.4796261890186,-2.4796261890186,0.0241498192739624,0.0241498192739625,0.344997418199462,0.344997418199464,0.427775016795362,-0.427775016795362,"ENSG00000111404","RERGL"
"RGS10",1.23758374860579,-1.23758374860579,0.233008815130984,0.233008815130984,0.655673146733045,0.655673146733044,0.241486970488028,-0.241486970488028,"ENSG00000148908","RGS10"
"RIPOR2",0.0627572160345995,-0.0627572160346011,0.950705717982033,0.950705717982032,0.976752449981541,0.97675244998154,0.00778684952659179,-0.00778684952659199,"ENSG00000111913","RIPOR2"
"RNASE1",1.86702765945659,-1.86702765945659,0.0795746412070033,0.0795746412070034,0.508011132462035,0.508011132462036,0.334086765445348,-0.334086765445348,"ENSG00000129538","RNASE1"
"RORB",1.50728688077744,-1.50728688077744,0.150441805801959,0.150441805801959,0.610428226440249,0.610428226440249,0.187433188152812,-0.187433188152812,"ENSG00000198963","RORB"
"RPL36AL",-0.566023850692684,0.566023850692684,0.578913573889287,0.578913573889287,0.89063626752198,0.89063626752198,-0.0544225060321484,0.0544225060321484,"ENSG00000165502","RPL36AL"
"RPS26",2.19825953864562,-2.19825953864562,0.0423508166019798,0.0423508166019797,0.433716181609218,0.433716181609216,0.342810011135941,-0.342810011135941,"ENSG00000197728","RPS26"
"RTF2",0.532061413437195,-0.532061413437195,0.60169895616399,0.60169895616399,0.907083853513553,0.907083853513553,0.0419933207537276,-0.0419933207537276,"ENSG00000022277","RTF2"
"S100A6",-0.656888145953204,0.656888145953203,0.520213784210447,0.520213784210448,0.861824171603808,0.861824171603808,-0.0959102090146854,0.0959102090146852,"ENSG00000197956","S100A6"
"S100B",-0.479271253715766,0.479271253715765,0.637968704253218,0.637968704253219,0.917913976582698,0.917913976582698,-0.0699695046433098,0.0699695046433098,"ENSG00000160307","S100B"
"SAMSN1",2.66997150214484,-2.66997150214484,0.016343217561515,0.016343217561515,0.27392660175102,0.273926601751021,0.437320153271223,-0.437320153271223,"ENSG00000155307","SAMSN1"
"SCG3",2.26592149989729,-2.26592149989729,0.0370710668664164,0.0370710668664164,0.433716181609218,0.433716181609216,0.325465109896602,-0.325465109896602,"ENSG00000104112","SCG3"
"SCN1B",1.76985207403126,-1.76985207403126,0.0950268132805001,0.0950268132805001,0.541802760840971,0.541802760840971,0.188561765905689,-0.188561765905689,"ENSG00000105711","SCN1B"
"SELPLG",1.56258974633091,-1.56258974633091,0.136920676734208,0.136920676734208,0.610428226440249,0.610428226440249,0.477415971656238,-0.477415971656239,"ENSG00000110876","SELPLG"
"SERPINA3",-2.87268486896925,2.87268486896925,0.0107060627990572,0.0107060627990572,0.27392660175102,0.273926601751021,-1.05643295721408,1.05643295721409,"ENSG00000196136","SERPINA3"
"SERPING1",0.733615222292323,-0.733615222292323,0.473369124393799,0.473369124393799,0.830472148059296,0.830472148059296,0.100353277655349,-0.100353277655349,"ENSG00000149131","SERPING1"
"SESN1",0.978454085664246,-0.978454085664246,0.341828374958687,0.341828374958687,0.720863368089612,0.720863368089612,0.123830034810009,-0.123830034810009,"ENSG00000080546","SESN1"
"SLC14A1",-0.627514502738602,0.627514502738602,0.538818088967721,0.538818088967721,0.870937751494599,0.8709377514946,-0.177583119132569,0.177583119132569,"ENSG00000141469","SLC14A1"
"SLC2A1",1.26481428248974,-1.26481428248974,0.223323885964177,0.223323885964177,0.655673146733045,0.655673146733044,0.147446678432717,-0.147446678432717,"ENSG00000117394","SLC2A1"
"SLC32A1",1.18398341985849,-1.18398341985849,0.253017701286545,0.253017701286544,0.661388749150546,0.661388749150546,0.118074864401499,-0.118074864401499,"ENSG00000101438","SLC32A1"
"SLC39A8",3.69808456821302,-3.69808456821302,0.00183490679121877,0.00183490679121878,0.161085284579945,0.161085284579945,0.346218079529101,-0.346218079529101,"ENSG00000138821","SLC39A8"
"SLC44A1",1.28394209622213,-1.28394209622213,0.21671081513201,0.21671081513201,0.655673146733045,0.655673146733044,0.271475095062268,-0.271475095062269,"ENSG00000070214","SLC44A1"
"SLN",-1.22923535896091,1.22923535896091,0.236042332823896,0.236042332823896,0.655673146733045,0.655673146733044,-0.472416599836663,0.472416599836664,"ENSG00000170290","SLN"
"SMAD1",-0.636991342186368,0.636991342186368,0.532776160392333,0.532776160392333,0.870937751494599,0.8709377514946,-0.0516163751384737,0.0516163751384737,"ENSG00000170365","SMAD1"
"SMIM32",-1.78004815415481,1.78004815415481,0.0932903533638341,0.0932903533638341,0.541802760840971,0.541802760840971,-0.362163352332232,0.362163352332232,"ENSG00000271824","SMIM32"
"SMPX",-2.16504555725086,2.16504555725086,0.045189165423296,0.045189165423296,0.433716181609218,0.433716181609216,-0.352160416103898,0.352160416103898,"ENSG00000091482","SMPX"
"SMYD2",0.400311225212794,-0.400311225212794,0.694007538898327,0.694007538898328,0.945623035831004,0.945623035831004,0.0552973211516228,-0.0552973211516227,"ENSG00000143499","SMYD2"
"SNPH",-0.444224913403472,0.444224913403471,0.66258922760889,0.662589227608891,0.940383214946029,0.940383214946029,-0.0500922454450985,0.0500922454450984,"ENSG00000101298","SNPH"
"SOD2",0.282731031398359,-0.282731031398359,0.780861479809398,0.780861479809397,0.953081554552493,0.953081554552494,0.0330745974947982,-0.0330745974947982,"ENSG00000112096","SOD2"
"SOX2-OT",-0.55725201735873,0.557252017358732,0.584756086457548,0.584756086457547,0.894916946487803,0.894916946487802,-0.0815621191106746,0.0815621191106749,"ENSG00000242808","SOX2-OT"
"SPRY2",1.54519051367833,-1.54519051367833,0.141060113241213,0.141060113241213,0.610428226440249,0.610428226440249,0.141713868133727,-0.141713868133727,"ENSG00000136158","SPRY2"
"SSBP1",0.477102513467683,-0.477102513467683,0.639480070352613,0.639480070352613,0.917913976582698,0.917913976582698,0.0506149623265573,-0.0506149623265573,"ENSG00000106028","SSBP1"
"SST",1.64819638540108,-1.64819638540108,0.118017562498376,0.118017562498376,0.580414241795292,0.580414241795292,0.295657934054673,-0.295657934054673,"ENSG00000157005","SST"
"SV2A",0.20524144217332,-0.205241442173321,0.839867238074028,0.839867238074027,0.953081554552493,0.953081554552494,0.022675437698648,-0.0226754376986481,"ENSG00000159164","SV2A"
"SVBP",0.826209712705065,-0.826209712705065,0.420346362699457,0.420346362699457,0.808521698826328,0.808521698826328,0.0847890833943116,-0.0847890833943116,"ENSG00000177868","SVBP"
"SYK",1.37852766623357,-1.37852766623357,0.186249538639101,0.1862495386391,0.6210227168958,0.621022716895801,0.216336430690323,-0.216336430690323,"ENSG00000165025","SYK"
"SYT2",0.124173612430222,-0.124173612430221,0.902661894782671,0.902661894782671,0.960278611470926,0.960278611470926,0.0130516180699421,-0.013051618069942,"ENSG00000143858","SYT2"
"SYTL4",-1.04427969342014,1.04427969342014,0.311254592641009,0.311254592641009,0.709516142983386,0.709516142983387,-0.254893241756123,0.254893241756123,"ENSG00000102362","SYTL4"
"TAGLN",-1.76583605087239,1.76583605087239,0.0957184877485715,0.0957184877485715,0.541802760840971,0.541802760840971,-0.323257216528642,0.323257216528642,"ENSG00000149591","TAGLN"
"TEF",0.10816892372738,-0.10816892372738,0.915152179460932,0.915152179460932,0.962514823876381,0.962514823876381,0.010959423459283,-0.010959423459283,"ENSG00000167074","TEF"
"TF",-0.442825754161268,0.442825754161268,0.663580721529569,0.663580721529569,0.940383214946029,0.940383214946029,-0.0937080816937084,0.0937080816937085,"ENSG00000091513","TF"
"THEMIS",-0.86557534267837,0.865575342678374,0.399001662415411,0.399001662415408,0.79420185585413,0.794201855854131,-0.105247035472994,0.105247035472994,"ENSG00000172673","THEMIS"
"TIMP1",-0.332250497852957,0.332250497852956,0.743838744363529,0.743838744363529,0.953081554552493,0.953081554552494,-0.0878317756788891,0.0878317756788892,"ENSG00000102265","TIMP1"
"TMEM119",1.4494564982705,-1.4494564982705,0.165750980408553,0.165750980408553,0.610428226440249,0.610428226440249,0.400673151805633,-0.400673151805633,"ENSG00000183160","TMEM119"
"TMEM144",0.586505975084028,-0.586505975084028,0.56538903726948,0.56538903726948,0.883420370733562,0.883420370733563,0.155531629144575,-0.155531629144575,"ENSG00000164124","TMEM144"
"TMSB10",-1.67839315885852,1.67839315885852,0.111904384358351,0.111904384358352,0.569005344195007,0.56900534419501,-0.194433995220555,0.194433995220555,"ENSG00000034510","TMSB10"
"TNFSF10",2.16509517536496,-2.16509517536495,0.0451847976671922,0.0451847976671923,0.433716181609218,0.433716181609216,0.38725534164991,-0.38725534164991,"ENSG00000121858","TNFSF10"
"TNK2",0.303033344678775,-0.303033344678775,0.765611108758875,0.765611108758874,0.953081554552493,0.953081554552494,0.0289454697732336,-0.0289454697732336,"ENSG00000061938","TNK2"
"TRABD2A",0.500720750629114,-0.500720750629114,0.623110102635996,0.623110102635997,0.917913976582698,0.917913976582698,0.058987887984622,-0.0589878879846219,"ENSG00000186854","TRABD2A"
"TREM2",1.12705616094019,-1.12705616094018,0.275671432422052,0.275671432422053,0.67200161055749,0.67200161055749,0.213704291203094,-0.213704291203094,"ENSG00000095970","TREM2"
"TSC22D3",-1.00234988314392,1.00234988314392,0.330494508502042,0.330494508502043,0.718067320389919,0.718067320389919,-0.146600450562868,0.146600450562868,"ENSG00000157514","TSC22D3"
"TTC9B",0.0292274237447504,-0.0292274237447498,0.977030055886266,0.977030055886266,0.990233164749594,0.990233164749594,0.0030154693346978,-0.00301546933469773,"ENSG00000174521","TTC9B"
"TXNIP",0.416519770979272,-0.416519770979273,0.6823401585813,0.682340158581299,0.945623035831004,0.945623035831004,0.0538309617651662,-0.0538309617651664,"ENSG00000265972","TXNIP"
"TYROBP",1.52291943414836,-1.52291943414836,0.146511306047166,0.146511306047166,0.610428226440249,0.610428226440249,0.219801681513452,-0.219801681513452,"ENSG00000011600","TYROBP"
"UGT8",1.55094966255533,-1.55094966255533,0.139678475203872,0.139678475203872,0.610428226440249,0.610428226440249,0.295242914597071,-0.295242914597071,"ENSG00000174607","UGT8"
"UQCRFS1",1.02784570624693,-1.02784570624693,0.31869741484907,0.31869741484907,0.709975701814634,0.709975701814635,0.132754828528533,-0.132754828528533,"ENSG00000169021","UQCRFS1"
"USP22",-0.239569415563466,0.239569415563465,0.813583096959214,0.813583096959215,0.953081554552493,0.953081554552494,-0.0195685359861174,0.0195685359861174,"ENSG00000124422","USP22"
"VAMP1",0.00432190031979128,-0.00432190031979111,0.996602900640155,0.996602900640155,0.996602900640155,0.996602900640155,0.000517442903756339,-0.000517442903756319,"ENSG00000139190","VAMP1"
"VGF",1.37833855903885,-1.37833855903885,0.18630681506874,0.18630681506874,0.6210227168958,0.621022716895801,0.346781826704872,-0.346781826704872,"ENSG00000128564","VGF"
"VIM",-0.159735065378377,0.159735065378377,0.875008050446962,0.875008050446962,0.953081554552493,0.953081554552494,-0.0200325119571681,0.0200325119571681,"ENSG00000026025","VIM"
"VIP",1.46499922785484,-1.46499922785484,0.161515452335406,0.161515452335406,0.610428226440249,0.610428226440249,0.218963837407422,-0.218963837407422,"ENSG00000146469","VIP"
"XRRA1",1.96045927541375,-1.96045927541375,0.066862698434504,0.066862698434504,0.489239256837834,0.489239256837834,0.476612686088512,-0.476612686088513,"ENSG00000166435","XRRA1"
"YWHAH",0.344184581540139,-0.344184581540139,0.735008297607926,0.735008297607925,0.953081554552493,0.953081554552494,0.031474823531326,-0.031474823531326,"ENSG00000128245","YWHAH"
"ZBTB16",-1.80881880243816,1.80881880243815,0.0885395551918331,0.0885395551918332,0.531237331150999,0.531237331150999,-0.234600738323029,0.234600738323029,"ENSG00000109906","ZBTB16"
"ZNF483",0.242303985419685,-0.242303985419685,0.811498674162107,0.811498674162107,0.953081554552493,0.953081554552494,0.0341583096943734,-0.0341583096943734,"ENSG00000173258","ZNF483"
"ZNF804A",-0.843925008159398,0.843925008159398,0.410651458026301,0.410651458026301,0.803927204054537,0.803927204054536,-0.0964631625496351,0.0964631625496352,"ENSG00000170396","ZNF804A"
"ZP3",-1.11641186690912,1.11641186690912,0.280070311255151,0.280070311255152,0.672168747012364,0.672168747012364,-0.138074509360141,0.13807450936014,"ENSG00000188372","ZP3"
